,frequency,word
0,5011.0,i
1,4987.0,to
2,4335.0,you
3,3824.0,birthday
4,3761.0,the
5,3657.0,and
6,3238.0,so
7,3162.0,a
8,2409.0,my
9,2135.0,for
10,1826.0,be
11,1720.0,im
12,1686.0,is
13,1661.0,of
14,1590.0,me
15,1412.0,in
16,1369.0,that
17,1289.0,it
18,1275.0,this
19,1235.0,with
20,1101.0,love
21,1098.0,day
22,1041.0,your
23,1017.0,have
24,918.0,but
25,872.0,are
26,870.0,just
27,823.0,on
28,820.0,was
29,795.0,i'm
30,794.0,all
31,703.0,hope
32,642.0,not
33,634.0,we
34,607.0,makes
35,565.0,at
36,544.0,good
37,544.0,make
38,540.0,as
39,534.0,one
40,525.0,if
41,520.0,like
42,518.0,when
43,505.0,see
44,451.0,am
45,444.0,about
46,441.0,u
47,436.0,what
48,418.0,can
49,417.0,they
50,409.0,its
51,407.0,he
52,403.0,how
53,401.0,get
54,393.0,do
55,392.0,life
56,388.0,much
57,386.0,know
58,385.0,really
59,380.0,great
60,360.0,very
61,360.0,been
62,360.0,will
63,357.0,up
64,355.0,now
65,355.0,best
66,354.0,today
67,352.0,more
68,346.0,from
69,338.0,people
70,335.0,always
71,330.0,out
72,320.0,time
73,315.0,her
74,314.0,bday
75,314.0,got
76,312.0,had
77,302.0,may
78,302.0,our
79,293.0,thank
80,288.0,-
81,281.0,an
82,278.0,miss
83,275.0,dont
84,274.0,she
85,268.0,him
86,264.0,being
87,264.0,would
88,261.0,us
89,248.0,no
90,248.0,want
91,246.0,who
92,240.0,them
93,238.0,new
94,237.0,go
95,231.0,because
96,227.0,never
97,224.0,or
98,223.0,it's
99,222.0,too
100,220.0,by
101,219.0,"happy,"
102,219.0,has
103,216.0,girl
104,215.0,back
105,211.0,cant
106,210.0,going
107,205.0,friday
108,205.0,feel
109,204.0,made
110,204.0,"birthday,"
111,198.0,man
112,197.0,think
113,196.0,his
114,194.0,wish
115,192.0,here
116,192.0,only
117,192.0,youre
118,191.0,everyone
119,186.0,star
120,186.0,year
121,184.0,heart
122,184.0,some
123,184.0,well
124,183.0,were
125,183.0,there
126,180.0,still
127,178.0,thanks
128,177.0,say
129,177.0,even
130,177.0,look
131,176.0,friends
132,175.0,god
133,174.0,beautiful
134,174.0,enjoy
135,173.0,why
136,169.0,bro
137,166.0,many
138,164.0,:)
139,164.0,right
140,163.0,amazing
141,163.0,don't
142,162.0,you're
143,160.0,first
144,160.0,little
145,158.0,ever
146,156.0,could
147,156.0,wars
148,153.0,their
149,151.0,baby
150,149.0,again
151,149.0,hour
152,149.0,years
153,148.0,keep
154,147.0,then
155,147.0,lol
156,145.0,did
157,143.0,than
158,143.0,things
159,142.0,sad
160,141.0,finally
161,141.0,need
162,141.0,work
163,140.0,morning
164,140.0,way
165,139.0,ive
166,138.0,please
167,135.0,seeing
168,135.0,making
169,134.0,also
170,132.0,home
171,129.0,let
172,129.0,big
173,129.0,gonna
174,127.0,days
175,127.0,someone
176,127.0,over
177,123.0,last
178,123.0,","
179,122.0,most
180,122.0,such
181,122.0,help
182,121.0,world
183,118.0,after
184,117.0,bless
185,116.0,friend
186,116.0,every
187,115.0,long
188,115.0,come
189,115.0,pretty
190,114.0,stay
191,114.0,getting
192,114.0,better
193,114.0,doing
194,114.0,hear
195,114.0,take
196,113.0,proud
197,113.0,2
198,112.0,3
199,112.0,wait
200,112.0,live
201,111.0,these
202,110.0,shit
203,110.0,any
204,109.0,family
205,109.0,thursday
206,108.0,omg
207,107.0,other
208,106.0,deserve
209,105.0,sure
210,103.0,off
211,103.0,ya
212,103.0,thats
213,103.0,t
214,102.0,"you,"
215,102.0,wonderful
216,100.0,another
217,98.0,everything
218,98.0,having
219,98.0,into
220,98.0,week
221,98.0,w
222,98.0,tell
223,97.0,hard
224,96.0,anniversary
225,94.0,night
226,93.0,weekend
227,93.0,hi
228,92.0,person
229,91.0,fucking
230,91.0,wanna
231,90.0,thing
232,89.0,yall
233,89.0,tomorrow
234,89.0,guys
235,88.0,oh
236,88.0,next
237,88.0,hes
238,88.0,old
239,88.0,actually
240,87.0,same
241,87.0,i've
242,87.0,glad
243,87.0,ill
244,86.0,fun
245,86.0,4th
246,86.0,together
247,85.0,since
248,85.0,belated
249,85.0,super
250,85.0,ur
251,85.0,yes
252,84.0,show
253,84.0,both
254,84.0,two
255,84.0,awesome
256,84.0,something
257,83.0,done
258,82.0,game
259,82.0,should
260,82.0,congrats
261,81.0,place
262,81.0,we're
263,81.0,favorite
264,80.0,smile
265,80.0,happiness
266,80.0,where
267,80.0,literally
268,80.0,tonight
269,80.0,can't
270,80.0,lot
271,79.0,those
272,79.0,sweet
273,79.0,1
274,78.0,soon
275,78.0,said
276,77.0,b
277,77.0,mom
278,76.0,nice
279,76.0,watching
280,75.0,ass
281,74.0,guy
282,74.0,sorry
283,74.0,twitter
284,74.0,video
285,74.0,find
286,74.0,honestly
287,74.0,give
288,72.0,feeling
289,72.0,found
290,72.0,before
291,71.0,around
292,70.0,music
293,70.0,boy
294,70.0,hey
295,70.0,ending
296,70.0,looks
297,70.0,nothing
298,70.0,team
299,70.0,real
300,69.0,without
301,69.0,bc
302,68.0,brother
303,68.0,starwarsday
304,68.0,i'll
305,68.0,does
306,68.0,care
307,68.0,cute
308,68.0,anything
309,67.0,trying
310,67.0,myself
311,67.0,free
312,67.0,thought
313,66.0,fuck
314,65.0,4
315,65.0,excited
316,65.0,maythe4thbewithyou
317,64.0,through
318,64.0,post
319,64.0,&lt
320,64.0,that's
321,63.0,news
322,63.0,wow
323,63.0,late
324,63.0,shes
325,62.0,face
326,62.0,hate
327,62.0,rn
328,61.0,healthy
329,61.0,s
330,61.0,while
331,61.0,supernatural
332,61.0,mean
333,61.0,whole
334,61.0,put
335,61.0,didnt
336,60.0,bad
337,60.0,dude
338,59.0,support
339,59.0,already
340,59.0,cry
341,58.0,)
342,58.0,almost
343,57.0,went
344,57.0,early
345,57.0,down
346,57.0,n
347,57.0,truly
348,56.0,g
349,56.0,dear
350,56.0,"me,"
351,56.0,saw
352,56.0,blessed
353,55.0,wanted
354,55.0,remember
355,55.0,looking
356,55.0,special
357,55.0,@kconusa
358,55.0,@williegeist
359,55.0,wishing
360,55.0,id
361,55.0,dm
362,54.0,try
363,54.0,end
364,54.0,anyone
365,54.0,crying
366,54.0,"day,"
367,53.0,came
368,53.0,summer
369,52.0,talk
370,52.0,congratulations
371,52.0,watch
372,52.0,true
373,52.0,win
374,52.0,part
375,52.0,song
376,51.0,forever
377,51.0,believe
378,51.0,coming
379,51.0,fans
380,51.0,lebron
381,50.0,though
382,50.0,months
383,50.0,@
384,50.0,crazy
385,49.0,cause
386,49.0,meet
387,49.0,play
388,49.0,send
389,49.0,yo
390,49.0,yourself
391,49.0,lovely
392,48.0,5
393,48.0,full
394,48.0,couple
395,48.0,matter
396,48.0,&gt
397,48.0,o
398,48.0,lil
399,47.0,@youtube
400,47.0,school
401,47.0,genuinely
402,47.0,he's
403,47.0,bitch
404,47.0,i'd
405,46.0,damn
406,46.0,job
407,46.0,celebrate
408,46.0,sam
409,46.0,stop
410,46.0,lots
411,45.0,working
412,45.0,own
413,45.0,money
414,45.0,story
415,45.0,call
416,45.0,others
417,44.0,able
418,44.0,told
419,44.0,must
420,44.0,follow
421,44.0,enough
422,44.0,whatever
423,44.0,maybe
424,44.0,left
425,43.0,wrong
426,43.0,m
427,43.0,die
428,43.0,@younghollywood
429,43.0,away
430,43.0,kpop
431,43.0,h
432,43.0,kind
433,43.0,lucky
434,43.0,once
435,43.0,start
436,43.0,until
437,43.0,didn't
438,43.0,liked
439,42.0,few
440,42.0,seen
441,42.0,@hellznoyo
442,42.0,far
443,42.0,@afinekimmie
444,42.0,tweet
445,42.0,@krsbme
446,42.0,gets
447,42.0,behind
448,41.0,sister
449,41.0,national
450,41.0,welcome
451,41.0,share
452,41.0,th
453,41.0,month
454,41.0,@litlmarie44
455,41.0,ok
456,41.0,hell
457,41.0,doesn't
458,41.0,read
459,41.0,@bts_twt
460,40.0,@luvekth
461,40.0,cool
462,40.0,check
463,40.0,yet
464,39.0,sooo
465,39.0,yeah
466,39.0,theyre
467,39.0,y
468,39.0,living
469,39.0,babe
470,39.0,which
471,39.0,ily
472,38.0,fan
473,38.0,started
474,38.0,okay
475,38.0,bit
476,38.0,via
477,38.0,wishes
478,38.0,least
479,38.0,she's
480,38.0,@sheliabthornton
481,38.0,deserves
482,38.0,growing
483,38.0,account
484,38.0,each
485,38.0,change
486,38.0,lmao
487,37.0,use
488,37.0,guess
489,37.0,ask
490,37.0,fourth
491,37.0,taking
492,36.0,times
493,36.0,ha
494,36.0,2018
495,36.0,else
496,36.0,safe
497,36.0,youve
498,36.0,angel
499,36.0,gorgeous
500,36.0,@lisahinton08
501,36.0,idk
502,36.0,son
503,36.0,aint
504,36.0,loved
505,36.0,yay
506,36.0,ate
507,36.0,saying
508,36.0,leave
509,36.0,@joycepring
510,36.0,mind
511,35.0,loves
512,35.0,words
513,35.0,kid
514,35.0,lets
515,35.0,took
516,35.0,18th
517,35.0,season
518,35.0,doesnt
519,35.0,dad
520,35.0,girls
521,35.0,ago
522,34.0,stuff
523,34.0,definitely
524,34.0,felt
525,34.0,joy
526,34.0,positive
527,33.0,party
528,33.0,perfect
529,33.0,house
530,33.0,ye
531,33.0,alive
532,33.0,past
533,33.0,tears
534,33.0,kids
535,33.0,@pattistarz
536,32.0,@pomklementieff
537,32.0,de
538,32.0,either
539,32.0,relationship
540,32.0,hello
541,32.0,boo
542,32.0,gotta
543,32.0,wants
544,32.0,@mitteremary
545,32.0,strong
546,32.0,america
547,32.0,thankful
548,32.0,lately
549,32.0,|
550,32.0,lady
551,32.0,sometimes
552,31.0,@realdonaldtrump
553,31.0,blessings
554,31.0,mr
555,31.0,maythefourthbewithyou
556,31.0,future
557,31.0,gave
558,31.0,idea
559,31.0,let's
560,31.0,missed
561,31.0,name
562,31.0,haha
563,31.0,anymore
564,31.0,bring
565,31.0,food
566,31.0,wont
567,31.0,young
568,31.0,playing
569,31.0,happened
570,31.0,fact
571,30.0,seem
572,30.0,community
573,30.0,soooo
574,30.0,reason
575,30.0,trump
576,30.0,used
577,30.0,hap
578,30.0,they're
579,30.0,following
580,30.0,moment
581,30.0,queen
582,30.0,announce
583,30.0,health
584,29.0,won
585,29.0,everybody
586,29.0,isnt
587,29.0,scenes
588,29.0,aww
589,29.0,parents
590,29.0,forget
591,29.0,laugh
592,29.0,you'll
593,28.0,gone
594,28.0,eat
595,28.0,dog
596,28.0,sis
597,28.0,viruses
598,28.0,watch:
599,28.0,@rhobellevue
600,28.0,red
601,28.0,high
602,28.0,homie
603,28.0,d
604,28.0,talking
605,28.0,yesterday
606,28.0,han
607,28.0,6
608,28.0,hair
609,28.0,"today,"
610,27.0,sa
611,27.0,car
612,27.0,"friday,"
613,27.0,half
614,27.0,:d
615,27.0,y'all
616,27.0,three
617,27.0,might
618,27.0,havent
619,27.0,there's
620,27.0,listen
621,26.0,jang
622,26.0,content
623,26.0,loving
624,26.0,continue
625,26.0,af
626,26.0,open
627,26.0,everyday
628,26.0,suk
629,26.0,art
630,26.0,luck
631,26.0,different
632,26.0,soul
633,26.0,second
634,26.0,geun
635,26.0,na
636,26.0,fiesta
637,26.0,pentagon
638,26.0,l
639,26.0,means
640,26.0,po
641,26.0,tho
642,26.0,wife
643,26.0,c
644,26.0,book
645,26.0,ri
646,26.0,rest
647,26.0,mother
648,26.0,buddy
649,26.0,(
650,26.0,mothers
651,26.0,run
652,26.0,smiling
653,25.0,alone
654,25.0,mad
655,25.0,sleep
656,25.0,understand
657,25.0,probably
658,25.0,switc
659,25.0,1st
660,25.0,theres
661,25.0,quite
662,25.0,giving
663,25.0,james
664,25.0,dance
665,25.0,:(
666,25.0,21st
667,25.0,met
668,25.0,hours
669,25.0,"it,"
670,25.0,woman
671,25.0,:
672,25.0,side
673,25.0,later
674,25.0,hang
675,25.0,buy
676,25.0,small
677,24.0,students
678,24.0,waiting
679,24.0,@troyesivan
680,24.0,single
681,24.0,chance
682,24.0,fake
683,24.0,boys
684,24.0,//
685,24.0,jack
686,24.0,lose
687,24.0,graduation
688,24.0,kcon
689,24.0,says
690,24.0,bed
691,24.0,p
692,24.0,self
693,24.0,turned
694,24.0,ready
695,24.0,couldnt
696,24.0,wouldnt
697,24.0,instead
698,24.0,@null
699,24.0,important
700,24.0,beyond
701,24.0,close
702,24.0,sooooo
703,24.0,success
704,24.0,starwars
705,24.0,cake
706,24.0,wished
707,24.0,tired
708,23.0,comes
709,23.0,wasnt
710,23.0,thinking
711,23.0,games
712,23.0,heres
713,23.0,gift
714,23.0,alex
715,23.0,"life,"
716,23.0,heard
717,23.0,celebrating
718,23.0,tbh
719,23.0,cavs
720,23.0,@trishtrashers
721,23.0,brotha
722,23.0,@mainedcm
723,23.0,point
724,23.0,bff
725,23.0,r
726,23.0,here's
727,23.0,@dulehill
728,22.0,"well,"
729,22.0,finished
730,22.0,kconlivechat
731,22.0,34thmainesary
732,22.0,during
733,22.0,fresh
734,22.0,labour
735,22.0,greysanatomy
736,22.0,black
737,22.0,media
738,22.0,hahaha
739,22.0,movie
740,22.0,hit
741,22.0,class
742,22.0,kconxyounghollywood
743,22.0,become
744,22.0,2nd
745,22.0,sir
746,22.0,club
747,22.0,final
748,22.0,grow
749,22.0,bought
750,22.0,dawg
751,22.0,ugh
752,22.0,weeks
753,22.0,whenever
754,22.0,mama
755,21.0,cinco
756,21.0,business
757,21.0,fav
758,21.0,hurt
759,21.0,kinda
760,21.0,pls
761,21.0,x
762,21.0,prayer
763,21.0,seriously
764,21.0,weird
765,21.0,godbless
766,21.0,pictures
767,21.0,short
768,21.0,feels
769,21.0,goes
770,21.0,whats
771,21.0,using
772,21.0,7
773,21.0,head
774,21.0,10
775,21.0,@camilluddington
776,21.0,called
777,21.0,reading
778,21.0,mo
779,21.0,em
780,21.0,forward
781,21.0,ny
782,21.0,asked
783,21.0,picture
784,21.0,join
785,21.0,knew
786,21.0,hands
787,21.0,@babelaufenberg
788,21.0,entire
789,21.0,8
790,21.0,listening
791,21.0,you've
792,21.0,dead
793,21.0,age
794,20.0,luv
795,20.0,starting
796,20.0,move
797,20.0,cuz
798,20.0,huge
799,20.0,arizona
800,20.0,coach
801,20.0,k
802,20.0,~
803,20.0,"yeah,"
804,20.0,phone
805,20.0,social
806,20.0,worth
807,20.0,light
808,20.0,episode
809,20.0,celebration
810,20.0,finals
811,20.0,fine
812,20.0,outside
813,20.0,ma
814,20.0,under
815,20.0,happen
816,20.0,e
817,20.0,lost
818,20.0,thoughts
819,20.0,store
820,20.0,top
821,20.0,"now,"
822,20.0,king
823,19.0,seems
824,19.0,goal
825,19.0,v
826,19.0,peace
827,19.0,weight
828,19.0,completely
829,19.0,needed
830,19.0,college
831,19.0,asf
832,19.0,willie
833,19.0,enjoying
834,19.0,sm
835,19.0,greatest
836,19.0,city
837,19.0,enjoyed
838,19.0,christina
839,19.0,20
840,19.0,youll
841,19.0,green
842,19.0,we'll
843,19.0,born
844,19.0,album
845,19.0,aw
846,19.0,especially
847,19.0,songs
848,19.0,me:
849,19.0,mine
850,19.0,ones
851,19.0,turn
852,19.0,babies
853,19.0,eyes
854,19.0,choose
855,19.0,longer
856,18.0,b-day
857,18.0,girly
858,18.0,grateful
859,18.0,sitting
860,18.0,mother's
861,18.0,worry
862,18.0,won't
863,18.0,pill
864,18.0,lit
865,18.0,confused
866,18.0,ppl
867,18.0,women
868,18.0,appreciate
869,18.0,member
870,18.0,swear
871,18.0,decided
872,18.0,@pasweeet
873,18.0,fall
874,18.0,cut
875,18.0,imagine
876,18.0,pic
877,18.0,sharing
878,18.0,cat
879,18.0,april
880,18.0,weather
881,18.0,brought
882,18.0,evening
883,18.0,dream
884,18.0,@arreagasperez
885,18.0,robert
886,18.0,pray
887,18.0,easy
888,18.0,f
889,18.0,12
890,18.0,date
891,18.0,st
892,18.0,fat
893,18.0,cannot
894,18.0,published
895,18.0,dreams
896,18.0,isn't
897,18.0,running
898,18.0,wonder
899,18.0,power
900,18.0,agree
901,18.0,worst
902,18.0,eve
903,18.0,group
904,18.0,eating
905,18.0,lyft
906,17.0,folks
907,17.0,sound
908,17.0,toronto
909,17.0,extremely
910,17.0,needs
911,17.0,@nic_hamilton
912,17.0,fantastic
913,17.0,18
914,17.0,room
915,17.0,visit
916,17.0,break
917,17.0,@eyesrrolling
918,17.0,hold
919,17.0,hot
920,17.0,we'd
921,17.0,@nateberkus
922,17.0,haven't
923,17.0,daughter
924,17.0,exactly
925,17.0,wtf
926,17.0,memories
927,17.0,princess
928,17.0,bby
929,17.0,rather
930,17.0,awww
931,17.0,@cesc4official
932,17.0,drink
933,17.0,blast
934,17.0,between
935,17.0,sunshine
936,17.0,tweets
937,17.0,meeting
938,17.0,changed
939,17.0,@tin15tiamzon
940,17.0,"love,"
941,17.0,body
942,17.0,sex
943,17.0,soo
944,17.0,"so,"
945,17.0,bet
946,17.0,@lukelaufenberg
947,17.0,sun
948,17.0,"sad,"
949,17.0,videos
950,17.0,depressed
951,16.0,passed
952,16.0,"up,"
953,16.0,mayo
954,16.0,aka
955,16.0,simple
956,16.0,photo
957,16.0,inside
958,16.0,brown
959,16.0,velvet
960,16.0,till
961,16.0,cousin
962,16.0,space
963,16.0,books
964,16.0,lie
965,16.0,certain
966,16.0,honey
967,16.0,learn
968,16.0,legend
969,16.0,human
970,16.0,nigga
971,16.0,"morning,"
972,16.0,wedding
973,16.0,customers
974,16.0,sounds
975,16.0,la
976,16.0,3rd
977,16.0,ahead
978,16.0,btw
979,16.0,officially
980,16.0,semester
981,16.0,funny
982,16.0,beauty
983,16.0,played
984,16.0,tryna
985,16.0,death
986,16.0,cried
987,16.0,followers
988,16.0,forgot
989,16.0,married
990,16.0,local
991,16.0,ah
992,16.0,older
993,16.0,@jenariesqueen
994,16.0,extra
995,16.0,keeping
996,16.0,hehe
997,15.0,english
998,15.0,"here,"
999,15.0,watched
1000,15.0,holy
1001,15.0,monthsary
1002,15.0,joined
1003,15.0,surprise
1004,15.0,spend
1005,15.0,allah
1006,15.0,series
1007,15.0,white
1008,15.0,knowing
1009,15.0,wild
1010,15.0,film
1011,15.0,upset
1012,15.0,j
1013,15.0,known
1014,15.0,mood
1015,15.0,9
1016,15.0,"man,"
1017,15.0,meal
1018,15.0,lives
1019,15.0,pay
1020,15.0,against
1021,15.0,"also,"
1022,15.0,"year,"
1023,15.0,sing
1024,15.0,project
1025,15.0,knows
1026,15.0,endings
1027,15.0,spent
1028,15.0,sit
1029,15.0,@jeremiahbrent
1030,15.0,war
1031,15.0,spring
1032,15.0,course
1033,15.0,bb
1034,15.0,taylor
1035,15.0,what's
1036,15.0,less
1037,15.0,uwu
1038,15.0,dogs
1039,15.0,@beautychickee
1040,15.0,+
1041,15.0,bank
1042,15.0,vibes
1043,15.0,warm
1044,15.0,dragrace
1045,15.0,vote
1046,15.0,password
1047,15.0,absolutely
1048,15.0,walking
1049,15.0,marvel
1050,15.0,--
1051,15.0,busy
1052,15.0,playlist
1053,15.0,birth
1054,14.0,stand
1055,14.0,drake
1056,14.0,pics
1057,14.0,paul
1058,14.0,moments
1059,14.0,cup
1060,14.0,bud
1061,14.0,mate
1062,14.0,cheer
1063,14.0,email
1064,14.0,plan
1065,14.0,mantis
1066,14.0,ms
1067,14.0,hoping
1068,14.0,precious
1069,14.0,happ
1070,14.0,*
1071,14.0,sweetest
1072,14.0,reasons
1073,14.0,boss
1074,14.0,event
1075,14.0,wake
1076,14.0,youtube
1077,14.0,happens
1078,14.0,mark
1079,14.0,opening
1080,14.0,whos
1081,14.0,fr
1082,14.0,anyway
1083,14.0,sports
1084,14.0,order
1085,14.0,5th
1086,14.0,luke
1087,14.0,keeps
1088,14.0,aren't
1089,14.0,count
1090,14.0,ice
1091,14.0,john
1092,14.0,ugly
1093,14.0,worked
1094,14.0,pick
1095,14.0,miserable
1096,14.0,@hiro_mashima
1097,14.0,looked
1098,14.0,customer
1099,14.0,message
1100,14.0,w/
1101,14.0,wouldn't
1102,14.0,manager
1103,14.0,country
1104,14.0,tv
1105,14.0,drive
1106,14.0,cutest
1107,14.0,letting
1108,14.0,grandma
1109,14.0,code
1110,14.0,four
1111,14.0,/
1112,13.0,control
1113,13.0,you'd
1114,13.0,singing
1115,13.0,questions
1116,13.0,assist
1117,13.0,noticed
1118,13.0,wit
1119,13.0,raptors
1120,13.0,results
1121,13.0,walk
1122,13.0,himself
1123,13.0,likes
1124,13.0,works
1125,13.0,missing
1126,13.0,@ijessewilliams
1127,13.0,senior
1128,13.0,successful
1129,13.0,"way,"
1130,13.0,cutie
1131,13.0,key
1132,13.0,husband
1133,13.0,online
1134,13.0,takes
1135,13.0,faces
1136,13.0,wear
1137,13.0,recent
1138,13.0,"yes,"
1139,13.0,goals
1140,13.0,smart
1141,13.0,troye
1142,13.0,credit
1143,13.0,choice
1144,13.0,woke
1145,13.0,broken
1146,13.0,stream
1147,13.0,hopefully
1148,13.0,trust
1149,13.0,favourite
1150,13.0,annoying
1151,13.0,trip
1152,13.0,main
1153,13.0,bullet
1154,13.0,sks8
1155,13.0,apologize
1156,13.0,daddy
1157,13.0,lo
1158,13.0,simply
1159,13.0,"girl,"
1160,13.0,added
1161,13.0,ladies
1162,13.0,arent
1163,13.0,followed
1164,13.0,11
1165,13.0,answer
1166,13.0,posting
1167,13.0,contact
1168,13.0,dancing
1169,13.0,travel
1170,13.0,band
1171,13.0,number
1172,13.0,teacher
1173,13.0,boyfriend
1174,13.0,dr
1175,13.0,"all,"
1176,13.0,advance
1177,13.0,returns
1178,13.0,kill
1179,13.0,voice
1180,13.0,(and
1181,13.0,sense
1182,13.0,international
1183,13.0,surprised
1184,13.0,wi
1185,13.0,problem
1186,13.0,birthdayy
1187,13.0,line
1188,13.0,adorable
1189,13.0,fam
1190,13.0,bunch
1191,13.0,al
1192,13.0,sending
1193,13.0,along
1194,12.0,stage
1195,12.0,todays
1196,12.0,card
1197,12.0,possible
1198,12.0,skin
1199,12.0,park
1200,12.0,tried
1201,12.0,"do,"
1202,12.0,gives
1203,12.0,comfortable
1204,12.0,jealous
1205,12.0,experience
1206,12.0,earth
1207,12.0,express
1208,12.0,"beautiful,"
1209,12.0,pop
1210,12.0,died
1211,12.0,"time,"
1212,12.0,rock
1213,12.0,"good,"
1214,12.0,pure
1215,12.0,"hey,"
1216,12.0,address
1217,12.0,se
1218,12.0,callie
1219,12.0,matters
1220,12.0,children
1221,12.0,matt
1222,12.0,fellow
1223,12.0,north
1224,12.0,wasn't
1225,12.0,camila
1226,12.0,report
1227,12.0,fave
1228,12.0,turns
1229,12.0,"thursday,"
1230,12.0,stupid
1231,12.0,30
1232,12.0,honor
1233,12.0,jesus
1234,12.0,page
1235,12.0,track
1236,12.0,hand
1237,12.0,sweetie
1238,12.0,photos
1239,12.0,stuck
1240,12.0,loss
1241,12.0,list
1242,12.0,da
1243,12.0,calls
1244,12.0,showed
1245,12.0,who's
1246,12.0,player
1247,12.0,vacation
1248,12.0,child
1249,12.0,emotional
1250,12.0,app
1251,12.0,incredibly
1252,12.0,quote
1253,12.0,25
1254,12.0,thx
1255,12.0,clean
1256,12.0,friyay
1257,12.0,totally
1258,12.0,model
1259,12.0,service
1260,12.0,retirement
1261,12.0,ryan
1262,12.0,kno
1263,12.0,promise
1264,12.0,somebody
1265,12.0,friendship
1266,12.0,save
1267,12.0,@pigeon
1268,12.0,ex
1269,12.0,shows
1270,12.0,career
1271,12.0,state
1272,12.0,mrs
1273,12.0,we've
1274,12.0,saturday
1275,12.0,"said,"
1276,12.0,legit
1277,11.0,throw
1278,11.0,stress
1279,11.0,youd
1280,11.0,meant
1281,11.0,details
1282,11.0,"again,"
1283,11.0,@starwars
1284,11.0,set
1285,11.0,"this,"
1286,11.0,emotions
1287,11.0,bout
1288,11.0,becoming
1289,11.0,animal
1290,11.0,sent
1291,11.0,youth
1292,11.0,round
1293,11.0,inspiring
1294,11.0,"say,"
1295,11.0,although
1296,11.0,connect
1297,11.0,minutes
1298,11.0,"guys,"
1299,11.0,bestfriend
1300,11.0,shinichi
1301,11.0,decide
1302,11.0,taken
1303,11.0,"friend,"
1304,11.0,girlfriend
1305,11.0,goodnight
1306,11.0,ways
1307,11.0,"much,"
1308,11.0,worried
1309,11.0,saved
1310,11.0,posted
1311,11.0,uncle
1312,11.0,harry
1313,11.0,helping
1314,11.0,brodie
1315,11.0,grade
1316,11.0,turning
1317,11.0,tickets
1318,11.0,american
1319,11.0,(happy
1320,11.0,17
1321,11.0,shot
1322,11.0,version
1323,11.0,minds
1324,11.0,@channel961
1325,11.0,feet
1326,11.0,freaking
1327,11.0,plans
1328,11.0,incredible
1329,11.0,challenge
1330,11.0,ahh
1331,11.0,piece
1332,11.0,realize
1333,11.0,mail
1334,11.0,telling
1335,11.0,fight
1336,11.0,cheers
1337,11.0,obviously
1338,11.0,ball
1339,11.0,derby
1340,11.0,moms
1341,11.0,blessing
1342,11.0,usually
1343,11.0,handsome
1344,11.0,angry
1345,11.0,shine
1346,11.0,learned
1347,11.0,flight
1348,11.0,father
1349,11.0,worldpressfreedomday
1350,11.0,sick
1351,11.0,decision
1352,11.0,putting
1353,11.0,filled
1354,11.0,canada
1355,11.0,16
1356,11.0,classes
1357,11.0,deal
1358,11.0,lunch
1359,11.0,22
1360,11.0,press
1361,11.0,absolute
1362,11.0,losing
1363,11.0,beat
1364,11.0,sucks
1365,11.0,random
1366,11.0,general
1367,11.0,soft
1368,11.0,21
1369,350.0,happy
1370,182.0,harvey
1371,100.0,mets
1372,97.0,@bibibou1311
1373,97.0,@nicolepfeifer84
1374,96.0,truth
1375,93.0,@meli_hai
1376,92.0,@fee878
1377,91.0,@rosepeetal
1378,86.0,@nikkiebaer47
1379,83.0,@joalex_tweet
1380,82.0,@balldred
1381,80.0,leaving
1382,78.0,@mairyleo
1383,72.0,@randomfingirl
1384,68.0,poor
1385,60.0,lonely
1386,59.0,men
1387,58.0,@foxnews
1388,57.0,smh
1389,55.0,pathetic
1390,55.0,@stormydaniels
1391,54.0,rip
1392,53.0,reality
1393,52.0,president
1394,50.0,infinity
1395,50.0,@potus
1396,48.0,rich
1397,48.0,:/
1398,47.0,nra
1399,44.0,broke
1400,43.0,players
1401,43.0,dark
1402,43.0,feelings
1403,39.0,lies
1404,39.0,"is,"
1405,39.0,nobody
1406,38.0,:((
1407,37.0,case
1408,37.0,@cnn
1409,36.0,@nra
1410,36.0,united
1411,36.0,@kanyewest
1412,36.0,couldn't
1413,36.0,indeed
1414,35.0,fast
1415,34.0,ended
1416,33.0,word
1417,33.0,situation
1418,33.0,killed
1419,33.0,attention
1420,33.0,low
1421,33.0,history
1422,32.0,hella
1423,32.0,act
1424,32.0,@cliffavril
1425,31.0,worse
1426,31.0,@therealroseanne
1427,31.0,terrible
1428,31.0,dumb
1429,30.0,@manutd
1430,30.0,@laurenjauregui
1431,30.0,supposed
1432,30.0,excuse
1433,30.0,kanye
1434,30.0,unique
1435,30.0,thinks
1436,28.0,obama
1437,28.0,mostly
1438,28.0,themselves
1439,28.0,facts
1440,28.0,type
1441,28.0,football
1442,28.0,niggas
1443,27.0,cares
1444,27.0,moving
1445,27.0,horrible
1446,27.0,hurts
1447,27.0,movies
1448,26.0,asking
1449,26.0,fuckin
1450,26.0,ends
1451,26.0,respect
1452,26.0,gun
1453,25.0,deep
1454,25.0,era
1455,25.0,front
1456,25.0,@seanhannity
1457,25.0,liar
1458,25.0,depression
1459,25.0,gay
1460,25.0,tour
1461,25.0,americans
1462,24.0,stormy
1463,24.0,sold
1464,24.0,write
1465,24.0,corrie
1466,24.0,office
1467,24.0,scared
1468,24.0,disappointed
1469,24.0,happening
1470,24.0,dying
1471,23.0,town
1472,23.0,hug
1473,23.0,judge
1474,23.0,thread
1475,23.0,chris
1476,23.0,police
1477,23.0,law
1478,23.0,character
1479,23.0,public
1480,23.0,breaking
1481,23.0,realized
1482,23.0,lmfao
1483,23.0,due
1484,22.0,none
1485,22.0,joke
1486,22.0,pain
1487,22.0,hearing
1488,22.0,usa
1489,22.0,stories
1490,22.0,rudy
1491,22.0,@msnbc
1492,22.0,shame
1493,22.0,concert
1494,22.0,lowkey
1495,21.0,often
1496,21.0,crap
1497,21.0,disgusting
1498,21.0,paid
1499,21.0,@thehill
1500,21.0,talent
1501,21.0,wanting
1502,21.0,lying
1503,21.0,giuliani
1504,21.0,society
1505,21.0,scene
1506,21.0,given
1507,21.0,minute
1508,21.0,awful
1509,21.0,@imjsweets
1510,21.0,hillary
1511,21.0,lack
1512,20.0,trash
1513,20.0,speak
1514,20.0,question
1515,20.0,passing
1516,20.0,comments
1517,20.0,straight
1518,20.0,jokes
1519,20.0,racist
1520,20.0,@nbcnews
1521,20.0,serious
1522,20.0,whether
1523,20.0,@mattharvey33
1524,20.0,attitude
1525,20.0,@snoopdogg
1526,20.0,justice
1527,20.0,unfortunately
1528,20.0,wh
1529,20.0,blame
1530,20.0,speech
1531,19.0,ran
1532,19.0,ignorant
1533,19.0,clothes
1534,19.0,league
1535,19.0,gotten
1536,19.0,issue
1537,19.0,liberal
1538,19.0,goodbye
1539,19.0,cover
1540,19.0,laughing
1541,19.0,members
1542,19.0,):
1543,19.0,tha
1544,19.0,brain
1545,19.0,match
1546,19.0,example
1547,19.0,level
1548,19.0,affairs
1549,19.0,fucked
1550,19.0,likely
1551,19.0,waste
1552,19.0,@presssec
1553,19.0,road
1554,19.0,@shepnewsteam
1555,19.0,grown
1556,19.0,west
1557,19.0,pissed
1558,19.0,@anthonydicomo
1559,19.0,yea
1560,19.0,sadness
1561,18.0,everytime
1562,18.0,current
1563,18.0,:-(
1564,18.0,fell
1565,18.0,abt
1566,18.0,sunday
1567,18.0,cream
1568,18.0,pizza
1569,18.0,article
1570,18.0,2015
1571,18.0,hunter
1572,18.0,calling
1573,18.0,afraid
1574,18.0,injuries
1575,18.0,rights
1576,18.0,depressing
1577,18.0,idiot
1578,18.0,recently
1579,18.0,actual
1580,18.0,clear
1581,18.0,bts
1582,18.0,system
1583,18.0,scary
1584,18.0,mental
1585,18.0,reminds
1586,18.0,nap
1587,18.0,acting
1588,17.0,@pattyarquette
1589,17.0,stopped
1590,17.0,prayers
1591,17.0,fortnite
1592,17.0,allowed
1593,17.0,harveys
1594,17.0,"wow,"
1595,17.0,ruined
1596,17.0,writing
1597,17.0,channel
1598,17.0,"know,"
1599,17.0,re
1600,17.0,moved
1601,17.0,bitches
1602,17.0,tragic
1603,17.0,shitty
1604,17.0,democrats
1605,16.0,"go,"
1606,16.0,@teamcavuto
1607,16.0,co
1608,16.0,snoop
1609,16.0,netflix
1610,16.0,bitter
1611,16.0,"news,"
1612,16.0,bus
1613,16.0,tough
1614,16.0,hungry
1615,16.0,boi
1616,16.0,dropped
1617,16.0,:(((
1618,16.0,fox
1619,16.0,"him,"
1620,16.0,became
1621,16.0,across
1622,16.0,nation
1623,16.0,potential
1624,16.0,statement
1625,16.0,internet
1626,16.0,amount
1627,16.0,bill
1628,16.0,cnn
1629,16.0,cliff
1630,16.0,empty
1631,16.0,cos
1632,16.0,imma
1633,15.0,"no,"
1634,15.0,trumps
1635,15.0,peoples
1636,15.0,@michaelavenatti
1637,15.0,supporters
1638,15.0,alright
1639,15.0,former
1640,15.0,performance
1641,15.0,weak
1642,15.0,pitch
1643,15.0,@realjameswoods
1644,15.0,bored
1645,15.0,pet
1646,15.0,forgotten
1647,15.0,complete
1648,15.0,hilarious
1649,15.0,ashamed
1650,15.0,zero
1651,15.0,baseball
1652,15.0,republican
1653,15.0,powerful
1654,15.0,color
1655,15.0,explain
1656,15.0,fit
1657,15.0,grew
1658,15.0,middle
1659,15.0,republicans
1660,15.0,finish
1661,15.0,ego
1662,15.0,schools
1663,15.0,speaking
1664,15.0,fo
1665,15.0,opinion
1666,15.0,expect
1667,15.0,clearly
1668,15.0,sort
1669,15.0,ima
1670,15.0,drinking
1671,15.0,loser
1672,15.0,bye
1673,15.0,wrote
1674,14.0,dinner
1675,14.0,london
1676,14.0,failed
1677,14.0,avengers
1678,14.0,suffering
1679,14.0,"really,"
1680,14.0,suicide
1681,14.0,@itvcorrie
1682,14.0,twice
1683,14.0,sell
1684,14.0,li
1685,14.0,blocked
1686,14.0,gop
1687,14.0,unless
1688,14.0,paying
1689,14.0,afford
1690,14.0,@washingtonpost
1691,14.0,dems
1692,14.0,iowa
1693,14.0,@chapelhilldiva
1694,14.0,sigh
1695,14.0,lived
1696,14.0,"but,"
1697,14.0,"that,"
1698,14.0,xxxtentacion
1699,14.0,biggest
1700,14.0,(i
1701,14.0,"fan,"
1702,14.0,apparently
1703,14.0,record
1704,14.0,radio
1705,14.0,female
1706,14.0,starts
1707,14.0,clown
1708,14.0,common
1709,14.0,brighton
1710,14.0,dick
1711,14.0,"like,"
1712,14.0,seattle
1713,14.0,bag
1714,14.0,"them,"
1715,14.0,hates
1716,14.0,issues
1717,14.0,suddenly
1718,14.0,@vp
1719,14.0,comment
1720,14.0,ridiculous
1721,14.0,@silencedhippie
1722,14.0,"true,"
1723,14.0,killing
1724,14.0,bruh
1725,14.0,proper
1726,14.0,pass
1727,14.0,teams
1728,14.0,update
1729,14.0,dj
1730,14.0,rly
1731,14.0,@barackobama
1732,14.0,@mets
1733,14.0,energy
1734,14.0,step
1735,14.0,york
1736,14.0,student
1737,14.0,shouldnt
1738,14.0,voted
1739,13.0,period
1740,13.0,relevant
1741,13.0,sign
1742,13.0,personality
1743,13.0,ride
1744,13.0,boring
1745,13.0,@seahawks
1746,13.0,normal
1747,13.0,iv
1748,13.0,malone
1749,13.0,mans
1750,13.0,race
1751,13.0,relationships
1752,13.0,spot
1753,13.0,badly
1754,13.0,aidan
1755,13.0,shits
1756,13.0,vs
1757,13.0,"lol,"
1758,13.0,air
1759,13.0,potus
1760,13.0,tiny
1761,13.0,con
1762,13.0,knight
1763,13.0,plus
1764,13.0,"oh,"
1765,13.0,ab
1766,13.0,closing
1767,13.0,constantly
1768,13.0,heartbreaking
1769,13.0,major
1770,13.0,toxic
1771,13.0,destroy
1772,13.0,pro
1773,13.0,they've
1774,13.0,problems
1775,13.0,listened
1776,13.0,nah
1777,13.0,mum
1778,13.0,shut
1779,13.0,earlier
1780,13.0,xx
1781,13.0,mueller
1782,13.0,blue
1783,13.0,@ellenpompeo
1784,13.0,personal
1785,13.0,ruin
1786,13.0,kept
1787,13.0,catch
1788,13.0,government
1789,13.0,easily
1790,13.0,hatred
1791,13.0,comfort
1792,13.0,based
1793,13.0,return
1794,13.0,shirt
1795,13.0,basically
1796,13.0,guns
1797,13.0,ca
1798,13.0,lmaooo
1799,12.0,pull
1800,12.0,expected
1801,12.0,piano
1802,12.0,bullshit
1803,12.0,2013
1804,12.0,fallen
1805,12.0,comey
1806,12.0,mix
1807,12.0,helped
1808,12.0,currently
1809,12.0,decent
1810,12.0,disagree
1811,12.0,react
1812,12.0,animals
1813,12.0,screen
1814,12.0,lauren
1815,12.0,rid
1816,12.0,suck
1817,12.0,reporting
1818,12.0,nonsense
1819,12.0,winning
1820,12.0,pussy
1821,12.0,allow
1822,12.0,larry
1823,12.0,plays
1824,12.0,wearing
1825,12.0,dudes
1826,12.0,rlly
1827,12.0,welp
1828,12.0,memes
1829,12.0,reply
1830,12.0,mourinho
1831,12.0,memory
1832,12.0,difference
1833,12.0,interesting
1834,12.0,selling
1835,12.0,accounts
1836,12.0,sadly
1837,12.0,fear
1838,12.0,field
1839,12.0,@jaketapper
1840,12.0,terribly
1841,12.0,"anymore,"
1842,12.0,million
1843,12.0,fair
1844,12.0,"there,"
1845,12.0,except
1846,12.0,anyways
1847,12.0,stressed
1848,12.0,@davidhogg111
1849,12.0,mufc
1850,12.0,porn
1851,12.0,draw
1852,12.0,elected
1853,12.0,avril
1854,12.0,@cnnpolitics
1855,12.0,characters
1856,12.0,wasted
1857,12.0,embarrassing
1858,12.0,rap
1859,12.0,anime
1860,12.0,somehow
1861,12.0,tells
1862,12.0,steve
1863,12.0,closed
1864,12.0,ignore
1865,12.0,official
1866,11.0,"sorry,"
1867,11.0,add
1868,11.0,education
1869,11.0,"her,"
1870,11.0,"too,"
1871,11.0,acc
1872,11.0,fly
1873,11.0,russian
1874,11.0,racism
1875,11.0,:c
1876,11.0,commentary
1877,11.0,grace
1878,11.0,leader
1879,11.0,stan
1880,11.0,donald
1881,11.0,graduate
1882,11.0,doctor
1883,11.0,"days,"
1884,11.0,fighting
1885,11.0,figure
1886,11.0,pitcher
1887,11.0,pero
1888,11.0,fault
1889,11.0,@mattwalshblog
1890,11.0,lay
1891,11.0,barely
1892,11.0,seasons
1893,11.0,quick
1894,11.0,interview
1895,11.0,exhausted
1896,11.0,noooo
1897,11.0,sudden
1898,11.0,ticket
1899,11.0,huh
1900,11.0,orange
1901,11.0,chapter
1902,11.0,smith
1903,11.0,cancelled
1904,11.0,ain't
1905,11.0,mouth
1906,11.0,hide
1907,11.0,messed
1908,11.0,convention
1909,11.0,falling
1910,11.0,quit
1911,11.0,"people,"
1912,11.0,evil
1913,11.0,bright
1914,11.0,eye
1915,11.0,gym
1916,11.0,abuse
1917,11.0,cats
1918,11.0,delusional
1919,11.0,manchester
1920,11.0,spades
1921,11.0,jobs
1922,11.0,tom
1923,11.0,prom
1924,11.0,mention
1925,11.0,breaks
1926,11.0,role
1927,11.0,insecure
1928,11.0,created
1929,11.0,status
1930,11.0,don
1931,11.0,families
1932,11.0,beginning
1933,11.0,view
1934,11.0,finding
1935,11.0,"yep,"
1936,11.0,khaled
1937,11.0,@edkrassen
1938,11.0,daily
1939,11.0,werent
1940,11.0,puppy
1941,11.0,culture
1942,11.0,fate
1943,11.0,david
1944,11.0,dies
1945,11.0,mess
1946,11.0,honest
1947,11.0,sarah
1948,11.0,argument
1949,11.0,talented
1950,11.0,"though,"
1951,11.0,extraordinary
1952,11.0,release
1953,69.0,:((((((
1954,45.0,mutuals
1955,44.0,:-((
1956,42.0,iii
1957,38.0,:(((((((
1958,38.0,"sakurai,"
1959,36.0,pa
1960,36.0,huhu
1961,33.0,asleep
1962,31.0,text
1963,30.0,premiosmtvmiaw
1964,30.0,ko
1965,29.0,ivos
1966,29.0,hugs
1967,29.0,ang
1968,28.0,nervous
1969,27.0,link
1970,25.0,bf
1971,25.0,craving
1972,25.0,:-(((
1973,25.0,yoongi
1974,25.0,stomach
1975,25.0,sleeping
1976,24.0,emo
1977,24.0,lang
1978,23.0,monday
1979,23.0,deleted
1980,23.0,:(:
1981,22.0,nooo
1982,22.0,jimin
1983,21.0,roarforchange
1984,21.0,cuddle
1985,21.0,chicken
1986,21.0,bar
1987,21.0,notice
1988,20.0,:-((((
1989,20.0,ako
1990,20.0,drop
1991,20.0,@ivofspades
1992,19.0,kiss
1993,19.0,nose
1994,19.0,bestie
1995,19.0,tag
1996,19.0,nails
1997,19.0,ig
1998,18.0,fandom
1999,18.0,fix
2000,18.0,bear
2001,18.0,nct
2002,18.0,beach
2003,18.0,ng
2004,18.0,naman
2005,18.0,water
2006,18.0,nope
2007,17.0,rt
2008,17.0,mutual
2009,17.0,cold
2010,17.0,jungkook
2011,17.0,tl
2012,17.0,drunk
2013,17.0,wala
2014,17.0,@jacobsartorius
2015,17.0,shy
2016,17.0,exo
2017,16.0,smoke
2018,16.0,agentsofshield
2019,16.0,feed
2020,16.0,11:11
2021,16.0,ahhh
2022,16.0,anxious
2023,16.0,sleepy
2024,15.0,skinny
2025,15.0,::
2026,15.0,@jamescharles
2027,15.0,coffee
2028,15.0,anxiety
2029,15.0,jk
2030,15.0,wheres
2031,15.0,din
2032,15.0,((
2033,15.0,@weareoneexo
2034,15.0,gf
2035,15.0,dms
2036,15.0,apple
2037,15.0,ouch
2038,15.0,crush
2039,15.0,awh
2040,15.0,:((((((((
2041,14.0,@uniquetsalonga
2042,14.0,staying
2043,14.0,lifesentence
2044,14.0,slept
2045,14.0,oomf
2046,14.0,talked
2047,14.0,salonga
2048,14.0,wouldve
2049,14.0,dress
2050,14.0,awe
2051,14.0,:(((((((((
2052,14.0,hurting
2053,14.0,buying
2054,14.0,gosh
2055,14.0,ba
2056,14.0,touch
2057,14.0,si
2058,14.0,ka
2059,13.0,sana
2060,13.0,makeup
2061,13.0,rain
2062,13.0,oof
2063,13.0,near
2064,13.0,bruins
2065,13.0,ty
2066,13.0,mi
2067,13.0,leaves
2068,13.0,box
2069,13.0,di
2070,13.0,expensive
2071,13.0,apartment
2072,13.0,bub
2073,13.0,solo
2074,13.0,hanging
2075,12.0,huhuhu
2076,12.0,thru
2077,12.0,nights
2078,12.0,third
2079,12.0,heck
2080,12.0,relate
2081,12.0,hmu
2082,12.0,taeyong
2083,12.0,handle
2084,12.0,mtvbrkpopbts
2085,12.0,plz
2086,12.0,tummy
2087,12.0,computer
2088,12.0,studying
2089,12.0,upload
2090,12.0,tix
2091,12.0,cheese
2092,12.0,eh
2093,12.0,mtvlakpopbts
2094,12.0,michael
2095,12.0,checked
2096,12.0,anywhere
2097,12.0,praying
2098,12.0,uh
2099,12.0,kisses
2100,12.0,taehyung
2101,12.0,dan
2102,12.0,rude
2103,12.0,universe
2104,12.0,available
2105,11.0,uncomfortable
2106,11.0,cuddles
2107,11.0,bummed
2108,11.0,gif
2109,11.0,asap
2110,11.0,jelly
2111,11.0,meme
2112,11.0,wind
2113,11.0,@richkeith
2114,11.0,@cienfuegosxx
2115,11.0,til
2116,11.0,tea
2117,11.0,hays
2118,11.0,(2018)
2119,11.0,irl
2120,11.0,pc
2121,11.0,partner
2122,11.0,heartbroken
2123,11.0,atm
2124,11.0,cheeks
2125,11.0,beer
2126,11.0,thor
2127,11.0,smol
2128,11.0,perform
2129,11.0,anon
2130,11.0,tweeted
2131,11.0,armys
2132,11.0,exam
2133,11.0,painful
2134,11.0,ik
2135,11.0,active
2136,11.0,@calum5sos
2137,11.0,pink
2138,11.0,shet
2139,11.0,misses
2140,11.0,calm
2141,11.0,delete
2142,11.0,tae
2143,11.0,au
2144,11.0,wings
2145,11.0,wondering
2146,11.0,shopping
2147,11.0,sale
2148,11.0,hasnt
2149,516.0,"fun,"
2150,185.0,fact:
2151,104.0,learning
2152,89.0,holiday
2153,75.0,adult
2154,74.0,gaming
2155,58.0,activities
2156,56.0,reflex
2157,56.0,fruity
2158,55.0,adventure
2159,54.0,fu
2160,52.0,festival
2161,52.0,naughty
2162,52.0,camp
2163,49.0,events
2164,48.0,afternoon
2165,46.0,@thetoyinsider
2166,46.0,co/fyxwk2djim
2167,46.0,"nearby,"
2168,45.0,newborn
2169,44.0,annual
2170,43.0,@nctsmtown_127
2171,41.0,shoot
2172,40.0,cincodemayo
2173,40.0,createflavoredbubbles
2174,40.0,badoo
2175,40.0,dating
2176,39.0,theater
2177,38.0,exciting
2178,38.0,tons
2179,38.0,activity
2180,37.0,creative
2181,35.0,chat
2182,34.0,barbie
2183,34.0,magic
2184,34.0,design
2185,34.0,colors
2186,33.0,science
2187,33.0,pm
2188,33.0,storytime
2189,33.0,june
2190,32.0,messy
2191,32.0,tingz
2192,32.0,6th
2193,32.0,pango
2194,30.0,"weekend,"
2195,30.0,google
2196,30.0,loads
2197,30.0,sexy
2198,30.0,sushi
2199,30.0,begin
2200,29.0,ton
2201,29.0,teaching
2202,29.0,helper
2203,29.0,iphone
2204,29.0,style
2205,29.0,daddy's
2206,29.0,joining
2207,29.0,cooking
2208,29.0,delicious
2209,28.0,fun:
2210,28.0,session
2211,28.0,create
2212,28.0,"food,"
2213,28.0,ideas
2214,28.0,facebook
2215,27.0,educational
2216,27.0,review
2217,27.0,wine
2218,27.0,double
2219,27.0,podcast
2220,27.0,build
2221,27.0,friendly
2222,26.0,planned
2223,26.0,register
2224,26.0,force
2225,25.0,grab
2226,25.0,outdoor
2227,25.0,hosting
2228,25.0,area
2229,25.0,golf
2230,24.0,driving
2231,24.0,staff
2232,24.0,planning
2233,24.0,5k
2234,24.0,math
2235,24.0,exploring
2236,24.0,latest
2237,24.0,building
2238,24.0,south
2239,23.0,lasted
2240,23.0,nickiday2
2241,23.0,center
2242,23.0,bringing
2243,23.0,program
2244,23.0,"friends,"
2245,23.0,"fact,"
2246,23.0,maythefourth
2247,22.0,ga
2248,22.0,brilliant
2249,22.0,street
2250,22.0,drawing
2251,22.0,including
2252,22.0,fridays
2253,22.0,training
2254,22.0,"music,"
2255,22.0,broadcasting
2256,21.0,",come"
2257,21.0,50
2258,21.0,retweet
2259,21.0,it'll
2260,21.0,studio
2261,21.0,conference
2262,21.0,board
2263,21.0,shooting
2264,21.0,fitness
2265,20.0,charity
2266,20.0,bike
2267,20.0,showing
2268,20.0,playtime
2269,20.0,blog
2270,20.0,cartoon
2271,20.0,creating
2272,20.0,mode
2273,20.0,library
2274,20.0,tech
2275,19.0,15
2276,19.0,comedy
2277,19.0,journey
2278,19.0,projects
2279,19.0,streaming
2280,19.0,concept
2281,19.0,colorful
2282,19.0,fashion
2283,19.0,fest
2284,19.0,shop
2285,19.0,"saturday,"
2286,19.0,@nickiminaj
2287,19.0,bankholidayweekend
2288,19.0,fabulous
2289,19.0,company
2290,19.0,tuesday
2291,19.0,"out,"
2292,19.0,tweeting
2293,18.0,crew
2294,18.0,100%
2295,18.0,kindergarten
2296,18.0,primary
2297,18.0,maythe4th
2298,18.0,nature
2299,18.0,disney
2300,18.0,instagram
2301,18.0,ed
2302,18.0,today's
2303,18.0,action
2304,18.0,drinks
2305,18.0,click
2306,18.0,posts
2307,18.0,stylist
2308,18.0,popcorn
2309,18.0,elementary
2310,18.0,shall
2311,18.0,"activities,"
2312,18.0,enter
2313,18.0,chill
2314,17.0,campaign
2315,17.0,begins
2316,17.0,language
2317,17.0,sunny
2318,17.0,nyc
2319,17.0,themed
2320,17.0,poking
2321,17.0,yoga
2322,17.0,fire
2323,17.0,earn
2324,17.0,"games,"
2325,17.0,vr
2326,17.0,form
2327,17.0,giveaway
2328,17.0,edu
2329,17.0,classic
2330,17.0,comic
2331,17.0,twitch
2332,17.0,salon
2333,17.0,fab
2334,17.0,garden
2335,17.0,below
2336,17.0,upcoming
2337,17.0,boom
2338,17.0,kick
2339,17.0,competition
2340,17.0,ki
2341,16.0,lovers
2342,16.0,silly
2343,16.0,stem
2344,16.0,hat
2345,16.0,treat
2346,16.0,practice
2347,16.0,ulta
2348,16.0,attending
2349,16.0,hunt
2350,16.0,racing
2351,16.0,somewhere
2352,16.0,places
2353,16.0,"safe,"
2354,16.0,parties
2355,16.0,-fun
2356,16.0,county
2357,16.0,paint
2358,16.0,glass
2359,16.0,relax
2360,16.0,teachers
2361,16.0,plenty
2362,16.0,tournament
2363,16.0,ad
2364,16.0,study
2365,16.0,lake
2366,16.0,kentucky
2367,16.0,quiz
2368,16.0,tgif
2369,16.0,"work,"
2370,16.0,marketing
2371,16.0,ta
2372,15.0,epic
2373,15.0,supporting
2374,15.0,location
2375,15.0,painting
2376,15.0,nearly
2377,15.0,forest
2378,15.0,battle
2379,15.0,adventures
2380,15.0,drama
2381,15.0,relaxing
2382,15.0,wa
2383,15.0,cars
2384,15.0,yum
2385,15.0,train
2386,15.0,reminder
2387,15.0,bankholiday
2388,15.0,alot
2389,15.0,bubbles
2390,15.0,opportunity
2391,15.0,pack
2392,15.0,gloria
2393,15.0,church
2394,15.0,pool
2395,15.0,san
2396,15.0,sat
2397,15.0,ages
2398,15.0,paper
2399,15.0,toys
2400,15.0,table
2401,15.0,launch
2402,15.0,interested
2403,15.0,=
2404,14.0,skills
2405,14.0,tabtale
2406,14.0,flying
2407,14.0,boss-
2408,14.0,involved
2409,14.0,raise
2410,14.0,chicago
2411,14.0,texas
2412,14.0,havin
2413,14.0,etc
2414,14.0,selfie
2415,14.0,performing
2416,14.0,trips
2417,14.0,winner
2418,14.0,busted
2419,14.0,weve
2420,14.0,theme
2421,14.0,land
2422,14.0,"game,"
2423,14.0,several
2424,14.0,wall
2425,14.0,quality
2426,14.0,snapchat
2427,14.0,florida
2428,14.0,"week,"
2429,14.0,xd
2430,14.0,horny
2431,14.0,research
2432,14.0,soda
2433,14.0,teach
2434,14.0,hiring
2435,13.0,tips
2436,13.0,artists
2437,13.0,recommend
2438,13.0,visiting
2439,13.0,horse
2440,13.0,consider
2441,13.0,kitchen
2442,13.0,fantasy
2443,13.0,ten
2444,13.0,friday:
2445,13.0,splash
2446,13.0,recording
2447,13.0,sea
2448,13.0,retail
2449,13.0,edition
2450,13.0,:-)
2451,13.0,"fresh,"
2452,13.0,est
2453,13.0,fish
2454,13.0,12th
2455,13.0,recipe
2456,13.0,changes
2457,13.0,test
2458,13.0,xxx
2459,13.0,camera
2460,13.0,alcohol
2461,13.0,mike
2462,13.0,booth
2463,13.0,title
2464,13.0,earned
2465,13.0,binance
2466,13.0,here:
2467,13.0,junior
2468,13.0,bird
2469,13.0,raised
2470,13.0,rules
2471,13.0,"thanks,"
2472,13.0,natural
2473,13.0,july
2474,13.0,everywhere
2475,13.0,dallas
2476,13.0,suppose
2477,12.0,fridayfeeling
2478,12.0,hop
2479,12.0,toy
2480,12.0,market
2481,12.0,candy
2482,12.0,popular
2483,12.0,bitcoin
2484,12.0,closer
2485,12.0,usual
2486,12.0,8th
2487,12.0,19
2488,12.0,hockey
2489,12.0,engaging
2490,12.0,roll
2491,12.0,playground
2492,12.0,install
2493,12.0,fancy
2494,12.0,prizes
2495,12.0,"tonight,"
2496,12.0,yard
2497,12.0,wars-themed
2498,12.0,seemed
2499,12.0,army
2500,12.0,data
2501,12.0,diy
2502,12.0,boat
2503,12.0,featuring
2504,12.0,catching
2505,12.0,coding
2506,12.0,trail
2507,12.0,foodie
2508,12.0,presentation
2509,12.0,pleasure
2510,12.0,graders
2511,12.0,steam
2512,12.0,thomas
2513,12.0,yours
2514,12.0,nufc
2515,12.0,workshop
2516,12.0,@titanicsinclair
2517,12.0,vegas
2518,12.0,collection
2519,12.0,fun)
2520,12.0,itll
2521,12.0,vibe
2522,12.0,hotel
2523,12.0,airport
2524,12.0,floor
2525,12.0,apart
2526,12.0,bee
2527,12.0,chocolate
2528,12.0,bbq
2529,12.0,2016
2530,12.0,10th
2531,12.0,@pubg_help
2532,12.0,nicki
2533,12.0,pub
2534,11.0,boston
2535,11.0,block
2536,11.0,variety
2537,11.0,mexican
2538,11.0,zoo
2539,11.0,dirty
2540,11.0,breakfast
2541,11.0,museum
2542,11.0,response
2543,11.0,offer
2544,11.0,barbietingz
2545,11.0,original
2546,11.0,hero
2547,11.0,cards
2548,11.0,theatre
2549,11.0,pe
2550,11.0,excitement
2551,11.0,attend
2552,11.0,flies
2553,11.0,throwing
2554,11.0,blood
2555,11.0,profit
2556,11.0,basketball
2557,11.0,jedi
2558,11.0,prison
2559,11.0,sessions
2560,11.0,sisters
2561,11.0,heading
2562,11.0,underway
2563,11.0,filming
2564,11.0,sport
2565,11.0,sneak
2566,11.0,shots
2567,11.0,humour
2568,11.0,tongue
2569,11.0,funds
2570,11.0,"us,"
2571,11.0,weekends
2572,11.0,industry
2573,11.0,conversation
2574,11.0,7th
2575,11.0,stick
2576,11.0,election
2577,11.0,digital
2578,11.0,grand
2579,11.0,helps
2580,11.0,target
2581,11.0,craft
2582,11.0,brings
2583,11.0,entertaining
2584,11.0,bighit
2585,11.0,cost
2586,11.0,atlanta
2587,11.0,discuss
2588,11.0,creek
2589,11.0,monster
2590,11.0,parade
2591,11.0,held
2592,11.0,leading
2593,11.0,cleaning
2594,11.0,cycling
2595,11.0,changing
2596,11.0,invite
2597,11.0,chun
2598,11.0,parts
